,0_RfR 0,0_RfR 1,0_RfR 2,1_RfR 0,1_RfR 1,1_RfR 2,2_RfR 0,2_RfR 1,2_RfR 2,3_RfR 0,3_RfR 1,3_RfR 2,4_RfR 0,4_RfR 1,4_RfR 2,EWS_DaysToThreat,A.1_DikeIncrease 0,A.1_DikeIncrease 1,A.1_DikeIncrease 2,A.2_DikeIncrease 0,A.2_DikeIncrease 1,A.2_DikeIncrease 2,A.3_DikeIncrease 0,A.3_DikeIncrease 1,A.3_DikeIncrease 2,A.4_DikeIncrease 0,A.4_DikeIncrease 1,A.4_DikeIncrease 2,A.5_DikeIncrease 0,A.5_DikeIncrease 1,A.5_DikeIncrease 2,Expected Annual Damage,Dike Investment Costs,RfR Investment Costs,Evacuation Costs,Expected Number of Deaths
0,1,0,1,0,1,0,1,0,0,0,1,1,0,0,0,0,1,0,9,0,5,5,0,2,2,4,0,3,1,0,8,957374916.8327057,390959403.9631277,660100000.0,0.0,0.37526293212355666
1,1,0,1,1,0,0,1,0,1,0,1,1,1,0,0,4,4,2,10,1,4,10,3,10,6,4,3,0,9,7,1,0.0,714809623.662272,946900000.0,0.0,0.0
2,1,0,0,1,0,0,0,1,1,0,1,1,0,1,0,1,1,7,2,8,5,3,4,2,6,2,2,2,9,9,4,4223508.797554364,684789329.3806905,862300000.0,71.01886430445465,0.0003456462491449995
3,0,0,1,0,0,0,0,1,0,1,1,1,0,0,0,0,0,2,1,4,4,1,5,4,0,1,4,1,5,8,7,24777693.224505417,482917999.7523132,478900000.0,0.0,0.008617190685004604
4,0,1,1,0,1,0,0,1,0,0,1,1,0,1,0,2,4,0,5,2,4,5,2,4,1,1,2,5,0,2,10,941317619.9865799,473334745.2594789,916200000.0,25954.571208976056,0.05483581809851461
5,1,0,1,1,1,0,1,0,0,1,0,0,1,1,0,2,4,0,5,10,8,1,0,10,0,1,3,5,8,5,9,17936440.93124779,643464263.4540577,1268900000.0,424.2676931956708,0.0012857183143382895
6,0,0,0,0,1,0,0,0,0,1,0,1,0,0,0,1,1,10,10,10,2,5,5,2,8,2,7,6,1,1,1,1037836149.34681,736560094.1628628,460200000.0,16853.725041091955,0.14788743494638856
